country,iso_code,year,mismanaged_waste_per_capita,gdp_per_capita,population,continent,log_gdp,log_mismanaged_waste
Albania,ALB,2010,0.032,9927.18,2948000,Europe,3.9968,-1.4947
Algeria,DZA,2010,0.086,12870.6,35977000,Africa,4.1096,-1.0655
Angola,AGO,2010,0.045,5897.68,23356000,Africa,3.7707,-1.3467
Anguilla,AIA,2010,0.01,15628.59,13000,North America,4.1939,-1.9996
Antigua and Barbuda,ATG,2010,0.051,19212.72,88000,North America,4.2836,-1.2923
Argentina,ARG,2010,0.026,18712.06,40896000,South America,4.2721,-1.5849
Aruba,ABW,2010,0.007,35973.78,102000,North America,4.556,-2.1543
Australia,AUS,2010,0.002,41464.04,22155000,Oceania,4.6177,-2.6968
Bahamas,BHS,2010,0.011,29221.99,355000,North America,4.4657,-1.9582
Bahrain,BHR,2010,0.016,40570.54,1241000,Asia,4.6082,-1.7956
Bangladesh,BGD,2010,0.03,2442.73,147575008,Asia,3.3879,-1.5227
Barbados,BRB,2010,0.034,16417.96,282000,North America,4.2153,-1.4684
Belgium,BEL,2010,0.002,41085.92,10939000,Europe,4.6137,-2.6968
Belize,BLZ,2010,0.053,7876.81,322000,North America,3.8964,-1.2756
Benin,BEN,2010,0.036,1818.78,9199000,Africa,3.2598,-1.4436
Bermuda,BMU,2010,0.005,56395.01,65000,North America,4.7512,-2.3002
Bosnia and Herzegovina,BIH,2010,0.061,9720.34,3705000,Europe,3.9877,-1.2146
Brazil,BRA,2010,0.017,14537.57,195714000,South America,4.1625,-1.7693
British Virgin Islands,VGB,2010,0.005,15628.59,28000,North America,4.1939,-2.3002
Brunei,BRN,2010,0.001,80552.86,389000,Asia,4.9061,-2.9957
Bulgaria,BGR,2010,0.051,15283.29,7425000,Europe,4.1842,-1.2923
Cambodia,KHM,2010,0.058,2522.93,14312000,Asia,3.4019,-1.2365
Cameroon,CMR,2010,0.038,2929.83,20341000,Africa,3.4668,-1.4201
Canada,CAN,2010,0.002,40699.36,34148000,North America,4.6096,-2.6968
Cape Verde,CPV,2010,0.049,5828.24,493000,Africa,3.7655,-1.3097
Cayman Islands,CYM,2010,0.005,49903.03,57000,North America,4.6981,-2.3002
Chile,CHL,2010,0.011,19442.05,17063000,South America,4.2887,-1.9582
China,CHN,2010,0.092,9525.82,1368811008,Asia,3.9789,-1.0362
Christmas Island,CXR,2010,0.005,14969.16,23155000,Asia,4.1752,-2.3002
Cocos Islands,CCK,2010,0.005,14969.16,23155000,Asia,4.1752,-2.3002
Colombia,COL,2010,0.034,10900.51,45223000,South America,4.0374,-1.4684
Comoros,COM,2010,0.169,1412.5,690000,Africa,3.15,-0.7721
Congo,COG,2010,0.054,5186.34,4274000,Africa,3.7149,-1.2675
Cook Islands,COK,2010,0.054,4231.67,18000,Oceania,3.6265,-1.2675
Costa Rica,CRI,2010,0.047,12999.99,4577000,North America,4.1139,-1.3278
Cote d'Ivoire,CIV,2010,0.086,2690.26,20533000,Africa,3.4298,-1.0655
Croatia,HRV,2010,0.028,20171.96,4328000,Europe,4.3047,-1.5527
Cuba,CUB,2010,0.022,15628.59,11226000,North America,4.1939,-1.6574
Curacao,CUW,2010,0.005,15628.59,149000,North America,4.1939,-2.3002
Cyprus,CYP,2010,0.006,33941.14,1113000,Europe,4.5307,-2.2211
Democratic Republic of Congo,COD,2010,0.039,660.21,64564000,Africa,2.8197,-1.4088
Denmark,DNK,2010,0.001,43998.44,5555000,Europe,4.6434,-2.9957
Djibouti,DJI,2010,0.076,2705.41,840000,Africa,3.4322,-1.1191
Dominica,DMA,2010,0.031,10198.27,71000,North America,4.0085,-1.5085
Dominican Republic,DOM,2010,0.039,11132.55,9695000,North America,4.0466,-1.4088
Ecuador,ECU,2010,0.047,9352.34,15011000,South America,3.9709,-1.3278
Egypt,EGY,2010,0.122,9857.47,82761000,Africa,3.9938,-0.9136
El Salvador,SLV,2010,0.051,6300.78,6184000,North America,3.7994,-1.2923
Equatorial Guinea,GNQ,2010,0.047,33723.37,944000,Africa,4.5279,-1.3278
Eritrea,ERI,2010,0.035,1416.37,3170000,Africa,3.1512,-1.4558
Estonia,EST,2010,0.019,22740.97,1332000,Europe,4.3568,-1.721
Faeroe Islands,FRO,2010,0.005,28702.23,48000,Europe,4.4579,-2.3002
Falkland Islands,FLK,2010,0.005,14374.72,3000,South America,4.1576,-2.3002
Fiji,FJI,2010,0.151,7352.09,860000,Oceania,3.8664,-0.821
Finland,FIN,2010,0.005,39848.13,5366000,Europe,4.6004,-2.3002
France,FRA,2010,0.004,36855.84,62880000,Europe,4.5665,-2.3969
French Guiana,GUF,2010,0.039,14374.72,233000,South America,4.1576,-1.4088
French Polynesia,PYF,2010,0.013,4231.67,266000,Oceania,3.6265,-1.8857
Gabon,GAB,2010,0.019,15355.78,1624000,Africa,4.1863,-1.721
Gambia,GMB,2010,0.041,1644.24,1793000,Africa,3.216,-1.3871
Georgia,GEO,2010,0.035,6733.78,4099000,Asia,3.8283,-1.4558
Germany,DEU,2010,0.01,40428.72,80827000,Europe,4.6067,-1.9996
Ghana,GHA,2010,0.032,3059.38,24780000,Africa,3.4856,-1.4947
Gibraltar,GIB,2010,0.005,28702.23,34000,Europe,4.4579,-2.3002
Greece,GRC,2010,0.004,28726.08,10888000,Europe,4.4583,-2.3969
Greenland,GRL,2010,0.005,15628.59,57000,North America,4.1939,-2.3002
Grenada,GRD,2010,0.064,11178.0,106000,North America,4.0484,-1.1938
Guadeloupe,GLP,2010,0.039,15628.59,406000,North America,4.1939,-1.4088
Guam,GUM,2010,0.006,4231.67,159000,Oceania,3.6265,-2.2211
Guatemala,GTM,2010,0.105,6714.06,14630000,North America,3.827,-0.9788
Guernsey,GGY,2010,0.005,28702.23,5366000,Europe,4.4579,-2.3002
Guinea,GIN,2010,0.025,1573.54,10192000,Africa,3.1969,-1.6019
Guinea-Bissau,GNB,2010,0.046,1400.36,1523000,Africa,3.1462,-1.3371
Guyana,GUY,2010,0.224,5847.86,749000,South America,3.767,-0.6497
Haiti,HTI,2010,0.044,1502.03,9949000,North America,3.1767,-1.3564
Honduras,HND,2010,0.079,3971.18,8317000,North America,3.5989,-1.1023
Hong Kong,HKG,2010,0.01,48107.71,6966000,Asia,4.6822,-1.9996
Iceland,ISL,2010,0.006,38978.01,320000,Europe,4.5908,-2.2211
India,IND,2010,0.009,4404.7,1234280960,Asia,3.6439,-2.0453
Indonesia,IDN,2010,0.047,8433.5,241834000,Asia,3.926,-1.3278
Iran,IRN,2010,0.074,17942.83,73763000,Asia,4.2539,-1.1307
Iraq,IRQ,2010,0.067,12717.6,29742000,Asia,4.1044,-1.1739
Ireland,IRL,2010,0.009,44030.41,4554000,Europe,4.6438,-2.0453
Israel,ISR,2010,0.008,29743.01,7346000,Asia,4.4734,-2.0964
Italy,ITA,2010,0.003,36201.16,59325000,Europe,4.5587,-2.5214
Jamaica,JAM,2010,0.01,7996.02,2810000,North America,3.9029,-1.9996
Japan,JPN,2010,0.003,35749.76,128542000,Asia,4.5533,-2.5214
Jordan,JOR,2010,0.086,9472.77,7262000,Asia,3.9765,-1.0655
Kenya,KEN,2010,0.023,2476.01,42031000,Africa,3.3938,-1.6381
Kiribati,KIR,2010,0.088,1731.54,103000,Oceania,3.2384,-1.0555
Kuwait,KWT,2010,0.014,75204.15,2992000,Asia,4.8762,-1.8536
Latvia,LVA,2010,0.02,18251.95,2119000,Europe,4.2613,-1.6988
Lebanon,LBN,2010,0.034,16451.76,4953000,Asia,4.2162,-1.4684
Liberia,LBR,2010,0.072,699.65,3891000,Africa,2.8449,-1.1426
Libya,LBY,2010,0.036,29630.22,6198000,Africa,4.4717,-1.4436
Lithuania,LTU,2010,0.021,21070.63,3124000,Europe,4.3237,-1.6776
Macao,MAC,2010,0.007,98184.34,538000,Asia,4.992,-2.1543
Madagascar,MDG,2010,0.013,1385.69,21152000,Africa,3.1417,-1.8857
Malaysia,MYS,2010,0.112,21107.27,28208000,Asia,4.3244,-0.9507
Maldives,MDV,2010,0.22,12005.5,366000,Asia,4.0794,-0.6576
Malta,MLT,2010,0.018,28364.8,414000,Europe,4.4528,-1.7445
Marshall Islands,MHL,2010,0.15,3479.16,56000,Oceania,3.5415,-0.8239
Martinique,MTQ,2010,0.005,15628.59,395000,North America,4.1939,-2.3002
Mauritania,MRT,2010,0.038,3316.97,3494000,Africa,3.5207,-1.4201
Mauritius,MUS,2010,0.122,15938.42,1248000,Africa,4.2024,-0.9136
Mexico,MEX,2010,0.012,15715.97,114093000,North America,4.1963,-1.9205
Micronesia (country),FSM,2010,0.085,3297.66,103000,Oceania,3.5182,-1.0705
Monaco,MCO,2010,0.005,28702.23,36000,Europe,4.4579,-2.3002
Montenegro,MNE,2010,0.046,14034.58,624000,Europe,4.1472,-1.3371
Montserrat,MSR,2010,0.02,15628.59,5000,North America,4.1939,-1.6988
Morocco,MAR,2010,0.049,6443.25,32343000,Africa,3.8091,-1.3097
Mozambique,MOZ,2010,0.013,917.76,23532000,Africa,2.9627,-1.8857
Myanmar,MMR,2010,0.066,3721.21,50601000,Asia,3.5707,-1.1804
Namibia,NAM,2010,0.097,8460.85,2119000,Africa,3.9274,-1.0132
Nauru,NRU,2010,0.099,6592.44,10000,Oceania,3.819,-1.0043
Netherlands,NLD,2010,0.008,45524.66,16683000,Europe,4.6582,-2.0964
Netherlands Antilles,ANT,2010,0.005,15628.59,322000,North America,4.1939,-2.3002
New Caledonia,NCL,2010,0.005,4231.67,254000,Oceania,3.6265,-2.3002
New Zealand,NZL,2010,0.007,32119.22,4370000,Oceania,4.5068,-2.1543
Nicaragua,NIC,2010,0.066,4028.71,5824000,North America,3.6052,-1.1804
Nigeria,NGA,2010,0.085,5150.16,158503008,Africa,3.7118,-1.0705
Niue,NIU,2010,0.006,4231.67,2000,Oceania,3.6265,-2.2211
Norfolk Island,NFK,2010,0.086,4231.67,104000,Oceania,3.6265,-1.0655
North Korea,PRK,2010,0.048,14969.16,24549000,Asia,4.1752,-1.3187
Northern Mariana Islands,MNP,2010,0.006,4231.67,54000,Oceania,3.6265,-2.2211
Norway,NOR,2010,0.006,62350.41,4886000,Europe,4.7948,-2.2211
Oman,OMN,2010,0.005,45335.85,3041000,Asia,4.6564,-2.3002
Pakistan,PAK,2010,0.09,4283.61,179424992,Asia,3.6318,-1.0457
Palau,PLW,2010,0.084,11846.57,18000,Oceania,4.0736,-1.0757
Palestine,PSE,2010,0.005,4172.75,4056000,Asia,3.6204,-2.3002
Panama,PAN,2010,0.029,15628.59,3643000,North America,4.1939,-1.5375
Papua New Guinea,PNG,2010,0.09,3191.58,7311000,Oceania,3.504,-1.0457
Peru,PER,2010,0.039,9956.56,29028000,South America,3.9981,-1.4088
Philippines,PHL,2010,0.062,5596.84,93967000,Asia,3.7479,-1.2075
Poland,POL,2010,0.013,21770.64,38330000,Europe,4.3379,-1.8857
Portugal,PRT,2010,0.005,27238.46,10596000,Europe,4.4352,-2.3002
Puerto Rico,PRI,2010,0.011,33924.05,3580000,North America,4.5305,-1.9582
Qatar,QAT,2010,0.003,125140.84,1856000,Asia,5.0974,-2.5214
Reunion,REU,2010,0.003,2929.83,831000,Africa,3.4668,-2.5214
Romania,ROU,2010,0.011,17553.28,20472000,Europe,4.2444,-1.9582
Russia,RUS,2010,0.02,23107.79,143479008,Europe,4.3638,-1.6988
Saint Helena,SHN,2010,0.039,2929.83,5000,Africa,3.4668,-1.4088
Saint Kitts and Nevis,KNA,2010,0.054,21412.2,49000,North America,4.3307,-1.2675
Saint Lucia,LCA,2010,0.113,12123.84,174000,North America,4.0836,-0.9469
Saint Pierre and Miquelon,SPM,2010,0.005,15628.59,6000,North America,4.1939,-2.3002
Saint Vincent and the Grenadines,VCT,2010,0.051,9915.58,108000,North America,3.9963,-1.2923
Samoa,WSM,2010,0.084,5399.89,186000,Oceania,3.7324,-1.0757
Sao Tome and Principe,STP,2010,0.085,2641.51,180000,Africa,3.4219,-1.0705
Saudi Arabia,SAU,2010,0.016,45421.23,27421000,Asia,4.6573,-1.7956
Senegal,SEN,2010,0.086,2184.0,12678000,Africa,3.3393,-1.0655
Seychelles,SYC,2010,0.139,20365.12,91000,Africa,4.3089,-0.857
Sierra Leone,SLE,2010,0.035,1199.99,6416000,Africa,3.0792,-1.4558
Singapore,SGP,2010,0.004,72115.84,5131000,Asia,4.858,-2.3969
Sint Maarten (Dutch part),SXM,2010,0.005,36327.23,34000,North America,4.5602,-2.3002
Slovenia,SVN,2010,0.005,28678.37,2043000,Europe,4.4576,-2.3002
Solomon Islands,SLB,2010,0.09,1871.37,528000,Oceania,3.2722,-1.0457
Somalia,SOM,2010,0.047,2929.83,12044000,Africa,3.4668,-1.3278
South Africa,ZAF,2010,0.134,11887.81,51217000,Africa,4.0751,-0.8729
South Korea,KOR,2010,0.001,30352.1,49546000,Asia,4.4822,-2.9957
Spain,ESP,2010,0.006,32507.09,46931000,Europe,4.512,-2.2211
Sri Lanka,LKA,2010,0.299,8529.57,20262000,Asia,3.9309,-0.5243
Sudan,SDN,2010,0.083,3366.1,34545000,Africa,3.5271,-1.0809
Suriname,SUR,2010,0.027,14211.88,529000,South America,4.1527,-1.5685
Sweden,SWE,2010,0.001,42942.56,9390000,Europe,4.6329,-2.9957
Syria,SYR,2010,0.119,14969.16,21363000,Asia,4.1752,-0.9244
Taiwan,TWN,2010,0.006,14969.16,23188000,Asia,4.1752,-2.2211
Tanzania,TZA,2010,0.02,2090.58,44347000,Africa,3.3203,-1.6988
Thailand,THA,2010,0.108,13486.56,67195000,Asia,4.1299,-0.9665
Togo,TGO,2010,0.049,1208.28,6422000,Africa,3.0822,-1.3097
Tokelau,TKL,2010,0.086,4231.67,1000,Oceania,3.6265,-1.0655
Tonga,TON,2010,0.176,4984.19,104000,Oceania,3.6976,-0.7545
Trinidad and Tobago,TTO,2010,0.19,31260.91,1328000,North America,4.495,-0.7212
Tunisia,TUN,2010,0.088,10436.37,10635000,Africa,4.0185,-1.0555
Turkey,TUR,2010,0.039,17959.26,72327000,Asia,4.2543,-1.4088
Turks and Caicos Islands,TCA,2010,0.006,15628.59,33000,North America,4.1939,-2.2211
Tuvalu,TUV,2010,0.108,2986.45,11000,Oceania,3.4752,-0.9665
Ukraine,UKR,2010,0.052,7824.5,45792000,Europe,3.8935,-1.2839
United Arab Emirates,ARE,2010,0.004,57232.62,8550000,Asia,4.7576,-2.3969
United Kingdom,GBR,2010,0.004,36366.98,63460000,Europe,4.5607,-2.3969
United States,USA,2010,0.007,49374.18,309011008,North America,4.6935,-2.1543
Uruguay,URY,2010,0.024,17082.4,3359000,South America,4.2325,-1.6196
Vanuatu,VUT,2010,0.245,2948.03,236000,Oceania,3.4695,-0.6108
Venezuela,VEN,2010,0.017,16544.97,28440000,South America,4.2187,-1.7693
Vietnam,VNM,2010,0.09,4408.17,87968000,Asia,3.6443,-1.0457
Yemen,YEM,2010,0.077,4478.74,23155000,Asia,3.6512,-1.1135
